,Start,End
0,2021-03-20 13:15:57.949397,2021-03-20 13:15:59.572105
1,2021-03-20 13:15:59.695319,2021-03-20 13:16:00.430193
2,2021-03-20 13:16:00.693452,2021-03-20 13:16:00.947326
3,2021-03-20 13:16:12.413783,2021-03-20 13:16:12.799898
4,2021-03-20 13:16:13.047345,2021-03-20 13:16:13.672325
5,2021-03-20 13:16:15.412387,2021-03-20 13:16:15.544139
6,2021-03-20 13:16:15.666139,2021-03-20 13:16:16.284864
7,2021-03-20 13:16:18.528002,2021-03-20 13:16:19.661639
8,2021-03-20 13:16:21.537996,2021-03-20 13:16:21.771278
9,2021-03-20 13:16:22.395518,2021-03-20 13:16:23.903240
10,2021-03-20 13:16:29.391725,2021-03-20 13:16:32.876712
11,2021-03-20 13:16:33.508855,2021-03-20 13:16:34.884721
